"","ccSVM","SVM","ccOPLS","OPLS","ccnox0","nox0"
"auc",NA,NA,0.480688328674195,0.60683290854328,0.490443040242038,0.563175480648968
"left",NA,NA,0.466514615912464,0.594654970374932,0.479522317797355,0.547040992032811
"right",NA,NA,0.494862041435926,0.619010846711629,0.501363762686722,0.579309969265125
