"","ccSVM","SVM","ccOPLS","OPLS","ccnox0","nox0"
"auc",NA,NA,0.541258743424391,0.490595421578884,0.516167033205568,0.540692647626128
"left",NA,NA,0.534451155120069,0.481122673642356,0.502782899901934,0.51614322493908
"right",NA,NA,0.548066331728713,0.500068169515413,0.529551166509202,0.565242070313175
