"","ccSVM","SVM","ccOPLS","OPLS","ccnox0","nox0"
"auc",NA,NA,0.499496094177115,0.521807071803105,0.503212984866416,0.512587063788309
"left",NA,NA,0.486936274842939,0.51045687986422,0.489169463487297,0.502248268347854
"right",NA,NA,0.51205591351129,0.533157263741991,0.517256506245536,0.522925859228763
